level,subject,may_score,april_score,june_baseline,october_score,march_score,may_april_below_june,march_hardest_added
K1,,5.23,5.32,5.42,5.62,6.19,PASS,PASS
K2,,5.26,5.32,5.41,5.59,6.12,PASS,PASS
K3,,10.27,10.32,10.44,11.81,20.27,PASS,PASS
P1,Go Get Maths,10.26,10.32,10.52,20.49,21.28,PASS,PASS
P1,Science,10.25,10.32,10.39,20.42,21.04,PASS,PASS
P1,English,10.24,10.32,10.45,20.32,20.35,PASS,PASS
P2,,20.24,20.32,20.65,20.62,21.25,PASS,PASS
P3,,20.28,20.32,20.40,21.68,30.30,PASS,PASS
P4,,20.28,20.32,20.68,30.32,30.35,PASS,PASS
P5,,30.31,30.38,30.61,30.93,40.69,PASS,PASS
P6,,30.31,30.40,30.65,40.80,40.94,PASS,PASS
