month,level,subject,word,cefr
june,K1,,sounds,Pre-A1
june,K1,,greetings,Pre-A1
june,K2,,cars,Pre-A1
june,K2,,legs,Pre-A1
june,K2,,eyes,Pre-A1
june,K2,,ears,Pre-A1
june,K3,,erasers,A1
june,K3,,beans,A1
june,K3,,stars,A1
june,K3,,puddles,A1
june,P1,Go Get Maths,word,A1
june,P1,Go Get Maths,thing,A1
june,P1,English,colours,A1
june,P2,,gardens,A2
june,P2,,classrooms,A2
june,P2,,beard,A2
june,P2,,curl,A2
june,P3,,chores,A2
june,P4,,departures,A2
june,P4,,handwrite,A2
june,P4,,large,A2
june,P4,,magazines,A2
june,P4,,towards,A2
june,P5,,habits,B1
june,P5,,states,B1
june,P5,,opinions,B1
june,P5,,reports,B1
july,K3,,bowl,A1
july,P1,English,surprised,A1
july,P2,,tomatoes,A2
july,P4,,leeks,A2
july,P5,,carbohydrates,B1
july,P5,,fats,B1
july,P5,,vegetables,B1
july,P5,,plantains,B1
july,P5,,cartwheels,B1
august,K1,,eyes,Pre-A1
august,K1,,ears,Pre-A1
august,K1,,toes,Pre-A1
august,K2,,cookies,Pre-A1
august,K2,,fruits,Pre-A1
august,K3,,beads,A1
august,K3,,streamers,A1
august,P1,English,seasons,A1
august,P1,English,skates,A1
august,P1,English,numerical,A1
august,P2,,gloves,A2
august,P3,,shapes,A2
august,P3,,goggles,A2
august,P4,,stacked homes,A2
august,P4,,beams,A2
august,P4,,model house,A2
august,P5,,posts,B1
august,P5,,towards,B1
august,P5,,wonders,B1
august,P5,,similarities,B1
august,P5,,pillars,B1
august,P5,,columns,B1
august,P5,,dunes,B1
september,K1,,colors,Pre-A1
september,K1,,pencil case,Pre-A1
september,K2,,leaves,Pre-A1
september,K2,,gloves,Pre-A1
september,K3,,goggles,A1
september,K3,,shopping cart,A1
september,K3,,hurt,A1
september,P1,Science,germs,A1
september,P1,Go Get Maths,colored pencil,A1
september,P1,English,clam,A1
september,P1,English,den,A1
september,P3,,fruits,A2
september,P4,,explorer,A2
september,P4,,hotel,A2
september,P4,,badge,A2
september,P4,,equipment,A2
september,P4,,spacesuit,A2
september,P4,,backpack,A2
september,P5,,cyclopes,B1
september,P5,,sandals,B1
september,P6,,vertebrate,B1
september,P6,,invertebrate,B1
october,K1,,son,Pre-A1
october,K1,,day,Pre-A1
october,K1,,fill,Pre-A1
october,K1,,say,Pre-A1
october,K1,,call,Pre-A1
october,K1,,mum,Pre-A1
october,K1,,go,Pre-A1
october,K1,,come,Pre-A1
october,K1,,try,Pre-A1
october,K1,,use,Pre-A1
october,K1,,get,Pre-A1
october,K1,,ice,Pre-A1
october,K1,,cool,Pre-A1
october,K1,,easy,Pre-A1
october,K1,,grey,Pre-A1
october,K1,,buy,Pre-A1
october,K1,,full,Pre-A1
october,K1,,keep,Pre-A1
october,K1,,dark,Pre-A1
october,K1,,ask,Pre-A1
october,K1,,aunt,Pre-A1
october,K1,,sea,Pre-A1
october,K1,,high,Pre-A1
october,K1,,free,Pre-A1
october,K2,,cafe,Pre-A1
october,K2,,fact,Pre-A1
october,K2,,way,Pre-A1
october,K2,,best,Pre-A1
october,K2,,own,Pre-A1
october,K2,,busy,Pre-A1
october,K2,,end,Pre-A1
october,K2,,fun,Pre-A1
october,K2,,man,Pre-A1
october,K2,,lie,Pre-A1
october,K2,,cost,Pre-A1
october,K2,,pay,Pre-A1
october,K2,,form,Pre-A1
october,K2,,dear,Pre-A1
october,K2,,area,Pre-A1
october,K2,,east,Pre-A1
october,K2,,age,Pre-A1
october,K2,,date,Pre-A1
october,K2,,flat,Pre-A1
october,K2,,let,Pre-A1
october,K2,,back,Pre-A1
october,K2,,band,Pre-A1
october,K2,,born,Pre-A1
october,K2,,cut,Pre-A1
october,K3,,mouse,A1
october,K3,,fall,A1
october,K3,,letter,A1
october,K3,,sheep,A1
october,K3,,object,A1
october,K3,,future,A1
october,K3,,lesson,A1
october,K3,,minute,A1
october,K3,,online,A1
october,K3,,member,A1
october,K3,,pig,A1
october,K3,,happen,A1
october,K3,,office,A1
october,K3,,modern,A1
october,P1,Go Get Maths,zero,A1
october,P1,Science,non-living,A1
october,P1,English,spelling,A1
october,P1,Go Get Maths,equals,A1
october,P1,Science,alive,A1
october,P1,Go Get Maths,total,A1
october,P1,Science,dead,A1
october,P1,English,possible,A1
october,P1,Go Get Maths,greater,A1
october,P1,Science,sight,A1
october,P1,English,also,A1
october,P1,Go Get Maths,smaller,A1
october,P1,Science,hearing,A1
october,P1,English,away,A1
october,P1,Go Get Maths,largest,A1
october,P1,Go Get Maths,before,A1
october,P1,Go Get Maths,after,A1
october,P1,Go Get Maths,previous,A1
october,P1,Go Get Maths,ones,A1
october,P1,English,swimming,A1
october,P1,Go Get Maths,tens,A1
october,P1,Science,growth,A1
october,P1,English,personal,A1
october,P1,Go Get Maths,hundreds,A1
october,P1,Science,plant part,A1
october,P1,English,out,A1
october,P1,Go Get Maths,number line,A1
october,P1,Science,life cycle,A1
october,P1,Go Get Maths,number sentence,A1
october,P1,Science,young plant,A1
october,P1,Go Get Maths,number bond,A1
october,P1,Science,adult plant,A1
october,P1,Go Get Maths,count forward,A1
october,P1,Science,animal group,A1
october,P1,Go Get Maths,count backward,A1
october,P1,Go Get Maths,skip count,A1
october,P1,English,terrible,A1
october,P1,Go Get Maths,estimate,A1
october,P1,English,why,A1
october,P1,Go Get Maths,answer,A1
october,P1,English,now,A1
october,P1,Go Get Maths,solve,A1
october,P1,Science,farm animal,A1
october,P1,English,trousers,A1
october,P1,Go Get Maths,strategy,A1
october,P1,Science,wild animal,A1
october,P1,Go Get Maths,mental maths,A1
october,P1,Science,baby animal,A1
october,P1,Go Get Maths,calculate,A1
october,P1,Science,scales,A1
october,P1,Go Get Maths,calculation,A1
october,P1,Go Get Maths,subtract,A1
october,P1,Go Get Maths,make ten,A1
october,P1,Science,sea,A1
october,P1,English,teenager,A1
october,P1,Go Get Maths,double,A1
october,P1,English,shopping,A1
october,P1,Go Get Maths,half,A1
october,P1,Go Get Maths,twice,A1
october,P1,Science,grassland,A1
october,P1,English,singer,A1
october,P1,Go Get Maths,share equally,A1
october,P1,Science,polar region,A1
october,P1,Go Get Maths,groups,A1
october,P1,Science,wetland,A1
october,P1,Go Get Maths,pairs,A1
october,P1,Science,material,A1
october,P1,Go Get Maths,odd,A1
october,P1,English,painting,A1
october,P1,Go Get Maths,even,A1
october,P1,Science,metal,A1
october,P1,English,too,A1
october,P1,Go Get Maths,repeat,A1
october,P1,Science,plastic,A1
october,P1,English,not,A1
october,P1,English,practise,A1
october,P1,Go Get Maths,missing number,A1
october,P1,Science,rubber,A1
october,P1,Go Get Maths,pentagon,A1
october,P1,Go Get Maths,hexagon,A1
october,P1,Science,fabric,A1
october,P1,English,off,A1
october,P1,Go Get Maths,octagon,A1
october,P1,Science,cardboard,A1
october,P1,Science,property,A1
october,P1,Go Get Maths,prism,A1
october,P1,English,beginning,A1
october,P1,Go Get Maths,corner,A1
october,P1,English,T-shirt,A1
october,P1,Go Get Maths,edge,A1
october,P1,Science,rough,A1
october,P1,Science,smooth,A1
october,P2,,greet,A2
october,P2,,hit,A2
october,P2,,neck,A2
october,P2,,daily,A2
october,P2,,image,A2
october,P2,,huge,A2
october,P2,,guide,A2
october,P2,,exist,A2
october,P2,,fresh,A2
october,P2,,coast,A2
october,P2,,error,A2
october,P2,,curly,A2
october,P2,,enter,A2
october,P2,,focus,A2
october,P2,,habit,A2
october,P2,,crowd,A2
october,P2,,ideal,A2
october,P2,,crazy,A2
october,P2,,knife,A2
october,P2,,empty,A2
october,P2,,exact,A2
october,P2,,essay,A2
october,P2,,heavy,A2
october,P3,,web,A2
october,P3,,fix,A2
october,P3,,oil,A2
october,P3,,pay,A2
october,P3,,pop,A2
october,P3,,gap,A2
october,P3,,belt,A2
october,P3,,act,A2
october,P3,,nut,A2
october,P3,,sir,A2
october,P3,,burn,A2
october,P3,,guy,A2
october,P3,,bit,A2
october,P3,,bowl,A2
october,P3,,pub,A2
october,P3,,beat,A2
october,P3,,kid,A2
october,P3,,back,A2
october,P3,,boss,A2
october,P3,,blow,A2
october,P3,,top,A2
october,P3,,ski,A2
october,P3,,hit,A2
october,P3,,fun,A2
october,P3,,fit,A2
october,P3,,tip,A2
october,P3,,low,A2
october,P3,,flu,A2
october,P3,,able,A2
october,P3,,use,A2
october,P3,,own,A2
october,P3,,boil,A2
october,P3,,beef,A2
october,P3,,lab,A2
october,P4,,comment,A2
october,P4,,fortunately,A2
october,P4,,per cent,A2
october,P4,,everywhere,A2
october,P4,,active,A2
october,P4,,extremely,A2
october,P4,,serious,A2
october,P4,,creative,A2
october,P4,,international,A2
october,P4,,ability,A2
october,P4,,illness,A2
october,P4,,carefully,A2
october,P4,,recently,A2
october,P4,,certainly,A2
october,P4,,typical,A2
october,P4,,biology,A2
october,P4,,mention,A2
october,P4,,actually,A2
october,P4,,normally,A2
october,P4,,chance,A2
october,P4,,differently,A2
october,P4,,suddenly,A2
october,P4,,quality,A2
october,P4,,musical,A2
october,P4,,all right,A2
october,P4,,somewhere,A2
october,P4,,alive,A2
october,P4,,distance,A2
october,P4,,completely,A2
october,P4,,anywhere,A2
october,P4,,option,A2
october,P4,,medical,A2
october,P4,,correctly,A2
october,P4,,straight,A2
october,P4,,receive,A2
october,P4,,document,A2
october,P4,,decision,A2
october,P4,,secondly,A2
october,P4,,especially,A2
october,P4,,understanding,A2
october,P4,,definitely,A2
october,P4,,fiction,A2
october,P5,,ignore,B1
october,P5,,normal,B1
october,P5,,result,B1
october,P5,,repair,B1
october,P5,,liquid,B1
october,P5,,medium,B1
october,P5,,living,B1
october,P5,,gentle,B1
october,P5,,frozen,B1
october,P5,,impact,B1
october,P5,,export,B1
october,P5,,expand,B1
october,P5,,effort,B1
october,P5,,editor,B1
october,P5,,length,B1
october,P5,,retire,B1
october,P5,,reject,B1
october,P5,,intend,B1
october,P5,,priest,B1
october,P5,,donate,B1
october,P5,,repeat,B1
october,P5,,latest,B1
october,P5,,prayer,B1
october,P5,,racing,B1
october,P5,,punish,B1
october,P5,,remain,B1
october,P5,,garage,B1
october,P5,,global,B1
october,P5,,luxury,B1
october,P5,,poetry,B1
october,P5,,import,B1
october,P5,,needle,B1
october,P5,,mental,B1
october,P5,,profit,B1
october,P5,,lonely,B1
october,P5,,favour,B1
october,P5,,prince,B1
october,P5,,proper,B1
october,P5,,powder,B1
october,P5,,honest,B1
october,P5,,policy,B1
october,P5,,guilty,B1
october,P5,,growth,B1
october,P5,,injure,B1
october,P5,,gather,B1
october,P6,,occasion,B1
october,P6,,intention,B1
october,P6,,effective,B1
october,P6,,explosion,B1
october,P6,,effectively,B1
october,P6,,operation,B1
october,P6,,version,B1
october,P6,,religious,B1
october,P6,,specifically,B1
october,P6,,necessarily,B1
october,P6,,employment,B1
october,P6,,approximately,B1
october,P6,,ambition,B1
october,P6,,reference,B1
october,P6,,assignment,B1
october,P6,,practical,B1
october,P6,,security,B1
october,P6,,influence,B1
october,P6,,identity,B1
october,P6,,narrative,B1
october,P6,,previous,B1
october,P6,,treatment,B1
october,P6,,substance,B1
october,P6,,function,B1
october,P6,,authority,B1
october,P6,,relation,B1
october,P6,,ambitious,B1
october,P6,,friendship,B1
october,P6,,agreement,B1
october,P6,,continuous,B1
october,P6,,quotation,B1
october,P6,,exhibition,B1
october,P6,,successfully,B1
october,P6,,connection,B1
october,P6,,attraction,B1
october,P6,,relative,B1
october,P6,,reaction,B1
october,P6,,definition,B1
october,P6,,particularly,B1
october,P6,,conclusion,B1
october,P6,,generation,B1
october,P6,,reality,B1
october,P6,,generous,B1
october,P6,,excitement,B1
october,P6,,various,B1
november,K1,,bush,Pre-A1
november,K1,,watering can,Pre-A1
november,K1,,frame,Pre-A1
november,K1,,sand,Pre-A1
november,K1,,pond,Pre-A1
november,K1,,hill,Pre-A1
november,K1,,line,Pre-A1
november,K1,,paper plane,Pre-A1
november,K1,,see-saw,Pre-A1
november,K1,,shuttlecock,Pre-A1
november,K1,,soccer ball,Pre-A1
november,K1,,dragonfly,Pre-A1
november,K1,,origami,Pre-A1
november,K1,,mouse,Pre-A1
november,K1,,nut,Pre-A1
november,K1,,ox,Pre-A1
november,K1,,ostrich,Pre-A1
november,K1,,olive,Pre-A1
november,K1,,letter m,Pre-A1
november,K1,,letter n,Pre-A1
november,K1,,letter o,Pre-A1
november,K2,,pick,Pre-A1
november,K2,,potatoes,Pre-A1
november,K2,,beans,Pre-A1
november,K2,,pumpkins,Pre-A1
november,K2,,soup,Pre-A1
november,K2,,chop,Pre-A1
november,K2,,hive,Pre-A1
november,K2,,hopscotch,Pre-A1
november,K2,,seedling,Pre-A1
november,K2,,trowel,Pre-A1
november,K2,,rake,Pre-A1
november,K2,,watering can,Pre-A1
november,K2,,wheelbarrow,Pre-A1
november,K2,,lettuce,Pre-A1
november,K2,,garlic,Pre-A1
november,K2,,pepper,Pre-A1
november,K2,,bunch,Pre-A1
november,K2,,chopping board,Pre-A1
november,K2,,knife,Pre-A1
november,K2,,flower pot,Pre-A1
november,K2,,pull,Pre-A1
november,K2,,mouse,Pre-A1
november,K2,,laddle,Pre-A1
november,K2,,faucet,Pre-A1
november,K2,,bowl,Pre-A1
november,K3,,pair,A1
november,K3,,rope,A1
november,K3,,roller skate,A1
november,K3,,jump rope,A1
november,K3,,curly hair,A1
november,K3,,scooter,A1
november,K3,,finish,A1
november,K3,,basketball,A1
november,K3,,soccer,A1
november,K3,,table tennis,A1
november,K3,,hit,A1
november,K3,,paddle,A1
november,K3,,baseball bat,A1
november,K3,,soccer ball,A1
november,K3,,volleyball,A1
november,K3,,cactus,A1
november,K3,,line,A1
november,K3,,cut,A1
november,K3,,knee pad,A1
november,P1,Go Get Maths,join,A1
november,P1,English,whistle,A1
november,P1,Go Get Maths,remove,A1
november,P1,Science,loud,A1
november,P1,English,this,A1
november,P1,Go Get Maths,ice-cream,A1
november,P1,Science,faint,A1
november,P1,English,that,A1
november,P1,Science,noisy,A1
november,P1,Science,voice,A1
november,P1,Science,silence,A1
november,P1,Go Get Maths,comb,A1
november,P1,Go Get Maths,pair,A1
november,P1,Go Get Maths,spanner,A1
november,P1,Science,bell,A1
november,P1,Go Get Maths,frame,A1
november,P1,Go Get Maths,carton,A1
november,P1,Science,tap,A1
november,P1,English,surf board,A1
november,P1,Science,blow,A1
november,P1,English,sand,A1
november,P1,Science,vibrate,A1
november,P1,English,suncream,A1
november,P1,Go Get Maths,step,A1
november,P1,Science,vibration,A1
november,P1,English,waves,A1
november,P1,Go Get Maths,ladder,A1
november,P1,Science,honk,A1
november,P1,Go Get Maths,matchstick,A1
november,P1,Science,direction,A1
november,P1,Go Get Maths,surround,A1
november,P1,Science,distance,A1
november,P1,Science,near,A1
november,P1,Go Get Maths,taller,A1
november,P1,Science,far,A1
november,P1,Go Get Maths,tallest,A1
november,P1,Science,echo,A1
november,P1,Go Get Maths,shortest,A1
november,P1,Science,wave,A1
november,P1,English,string,A1
november,P1,Go Get Maths,longest,A1
november,P1,English,food container,A1
november,P1,Go Get Maths,length,A1
november,P1,English,pipe,A1
november,P1,Go Get Maths,height,A1
november,P1,English,tube,A1
november,P1,Science,bark,A1
november,P1,Science,meow,A1
november,P1,Go Get Maths,wide,A1
november,P1,Science,chirp,A1
november,P1,Go Get Maths,narrow,A1
november,P1,Science,whispher,A1
november,P1,Go Get Maths,line,A1
november,P1,Science,shout,A1
november,P1,Go Get Maths,gap,A1
november,P1,English,bubble,A1
november,P1,Go Get Maths,meter,A1
november,P1,Science,notice,A1
november,P1,Science,investigate,A1
november,P1,English,ping-pong,A1
november,P1,Science,classify,A1
november,P1,English,question mark,A1
november,P1,Science,predict,A1
november,P1,English,coffee,A1
november,P1,Science,result,A1
november,P1,English,hippo,A1
november,P1,English,soup,A1
november,P1,Go Get Maths,longer,A1
november,P1,Science,sense,A1
november,P1,Go Get Maths,shorter,A1
november,P1,Science,rhythm,A1
november,P2,,organic,A2
november,P2,,metal,A2
november,P2,,plastic,A2
november,P2,,Earth,A2
november,P2,,recycle,A2
november,P2,,bin,A2
november,P2,,waste,A2
november,P2,,animal,A2
november,P2,,hotel,A2
november,P2,,week,A2
november,P2,,month,A2
november,P2,,ocean,A2
november,P2,,day,A2
november,P3,,painter,A2
november,P3,,singer,A2
november,P3,,runner,A2
november,P3,,smart phone,A2
november,P3,,tablet,A2
november,P3,,spacesuit,A2
november,P3,,artist,A2
november,P3,,microphone,A2
november,P3,,swimming flippers,A2
november,P3,,turbo jet,A2
november,P3,,designer,A2
november,P3,,passenger,A2
november,P3,,airplane,A2
november,P3,,headset,A2
november,P3,,hotel,A2
november,P3,,tile,A2
november,P3,,braile,A2
november,P3,,firework,A2
november,P3,,treehouse,A2
november,P3,,calendar,A2
november,P3,,paintbrush,A2
november,P3,,medal,A2
november,P3,,factory,A2
november,P3,,soldier,A2
november,P3,,fire extinguisher,A2
november,P3,,plastic,A2
november,P3,,coin,A2
november,P3,,wheelchair,A2
november,P3,,swimsuit,A2
november,P3,,blind,A2
november,P4,,piano,A2
november,P4,,drums,A2
november,P4,,trumpet,A2
november,P4,,saxophone,A2
november,P4,,tambourine,A2
november,P4,,brass band,A2
november,P4,,string quartet,A2
november,P4,,jazz band,A2
november,P4,,folk band,A2
november,P4,,singer,A2
november,P4,,songwriter,A2
november,P4,,music festival,A2
november,P4,,concert,A2
november,P4,,stage,A2
november,P4,,ticket,A2
november,P4,,loud,A2
november,P4,,violin,A2
november,P4,,music room,A2
november,P4,,gong,A2
november,P4,,earphones,A2
november,P4,,choir,A2
november,P4,,lego brick,A2
november,P4,,hall,A2
november,P4,,rock music,A2
november,P4,,classical music,A2
november,P4,,magician,A2
november,P4,,music stand,A2
november,P4,,video,A2
november,P4,,long,A2
november,P4,,song,A2
november,P5,,snack,B1
november,P5,,meal,B1
november,P5,,wildlife,B1
november,P5,,reduce,B1
november,P5,,reuse,B1
november,P5,,recycle,B1
november,P5,,struggle,B1
november,P5,,pollution,B1
november,P5,,environment,B1
november,P5,,napkin,B1
november,P5,,vitamin,B1
november,P5,,appetite,B1
november,P5,,swallow,B1
november,P5,,boil,B1
november,P5,,fry,B1
november,P5,,slice,B1
november,P5,,serve,B1
november,P5,,breathe,B1
november,P5,,recover,B1
november,P5,,factory,B1
november,P5,,delicious,B1
november,P5,,climate,B1
november,P5,,organic,B1
november,P5,,chemical,B1
november,P5,,crunchy,B1
november,P5,,juicy,B1
november,P5,,nutritious,B1
november,P5,,waste,B1
november,P5,,rusty,B1
november,P5,,energetic,B1
november,P6,,climate,B1
november,P6,,flood,B1
november,P6,,winter,B1
november,P6,,expedition,B1
november,P6,,animal,B1
november,P6,,ravine,B1
november,P6,,meteor,B1
november,P6,,volcano,B1
november,P6,,galaxy,B1
november,P6,,coral,B1
november,P6,,polyp,B1
november,P6,,reef,B1
november,P6,,jellyfish,B1
november,P6,,lizard,B1
november,P6,,backbone,B1
november,P6,,fossil,B1
november,P6,,cavern,B1
november,P6,,conference,B1
november,P6,,mushroom,B1
november,P6,,grasshopper,B1
november,P6,,glacier,B1
november,P6,,worm,B1
november,P6,,cricket,B1
november,P6,,pebble,B1
november,P6,,mammoth,B1
november,P6,,habitat,B1
november,P6,,predator,B1
november,P6,,herbivore,B1
november,P6,,carnivore,B1
november,P6,,omnivore,B1
november,P6,,species,B1
november,P6,,environment,B1
november,P6,,ocean,B1
november,P6,,forest,B1
december,K1,,toy box,Pre-A1
december,K1,,lime,Pre-A1
december,K1,,clean up,Pre-A1
december,K1,,letter p,Pre-A1
december,K1,,letter q,Pre-A1
december,K1,,letter r,Pre-A1
december,K1,,cut,Pre-A1
december,K1,,shapes,Pre-A1
december,K1,,pass,Pre-A1
december,K1,,lego,Pre-A1
december,K1,,classroom object,Pre-A1
december,K1,,furniture,Pre-A1
december,K1,,mat,Pre-A1
december,K1,,peach,Pre-A1
december,K1,,panda,Pre-A1
december,K1,,pineapple,Pre-A1
december,K1,,snack,Pre-A1
december,K1,,quiz,Pre-A1
december,K1,,thicker,Pre-A1
december,K1,,thickest,Pre-A1
december,K1,,thinner,Pre-A1
december,K1,,thinnest,Pre-A1
december,K1,,more,Pre-A1
december,K1,,less,Pre-A1
december,K2,,sheep,Pre-A1
december,K2,,donkey,Pre-A1
december,K2,,funny,Pre-A1
december,K2,,grain,Pre-A1
december,K2,,barn,Pre-A1
december,K2,,stable,Pre-A1
december,K2,,hay,Pre-A1
december,K2,,tractor,Pre-A1
december,K2,,rooster,Pre-A1
december,K2,,calf,Pre-A1
december,K2,,lamb,Pre-A1
december,K2,,kid (baby goat),Pre-A1
december,K2,,flock,Pre-A1
december,K2,,bucket,Pre-A1
december,K2,,wool,Pre-A1
december,K2,,ponny,Pre-A1
december,K2,,drink water,Pre-A1
december,K2,,fat,Pre-A1
december,K2,,pond,Pre-A1
december,K2,,geese,Pre-A1
december,K2,,pig,Pre-A1
december,K2,,pasture,Pre-A1
december,K2,,water lily,Pre-A1
december,K2,,coop,Pre-A1
december,K2,,hutch,Pre-A1
december,K2,,saddle,Pre-A1
december,K3,,monkey,A1
december,K3,,lion,A1
december,K3,,parrot,A1
december,K3,,deer,A1
december,K3,,rat,A1
december,K3,,toad,A1
december,K3,,foal,A1
december,K3,,bat,A1
december,K3,,neck,A1
december,K3,,long,A1
december,K3,,scary,A1
december,K3,,forest,A1
december,K3,,measurement,A1
december,K3,,ten centimeters,A1
december,K3,,twenty centimeters,A1
december,K3,,thirty centimeters,A1
december,K3,,forty centimeters,A1
december,K3,,fifty centimeters,A1
december,K3,,sixty centimeters,A1
december,K3,,seventy centimeters,A1
december,K3,,eighty centimeters,A1
december,K3,,ninety centimeters,A1
december,K3,,one hundred centimeters,A1
december,P1,Go Get Maths,sequence,A1
december,P1,English,shopping mall,A1
december,P1,Go Get Maths,distance,A1
december,P1,Go Get Maths,path,A1
december,P1,Go Get Maths,rope,A1
december,P1,Science,bright,A1
december,P1,English,goup,A1
december,P1,Go Get Maths,tower,A1
december,P1,English,go down,A1
december,P1,Science,sunrise,A1
december,P1,English,near,A1
december,P1,Science,sunset,A1
december,P1,English,far,A1
december,P1,English,high,A1
december,P1,Science,daytime,A1
december,P1,English,low,A1
december,P1,English,spinning top,A1
december,P1,Go Get Maths,motorcycle,A1
december,P1,Science,night,A1
december,P1,English,escalator,A1
december,P1,Science,dark,A1
december,P1,English,bat,A1
december,P1,Go Get Maths,cut,A1
december,P1,Science,new moon,A1
december,P1,English,sea,A1
december,P1,Science,half moon,A1
december,P1,Go Get Maths,mass,A1
december,P1,Science,shooting star,A1
december,P1,Go Get Maths,weight,A1
december,P1,Science,day,A1
december,P1,Science,midnight,A1
december,P1,Science,morning,A1
december,P1,English,crossing,A1
december,P1,Science,evening,A1
december,P1,English,bank,A1
december,P1,Science,moonlight,A1
december,P1,Go Get Maths,kilogram,A1
december,P1,Science,glow,A1
december,P1,Go Get Maths,kheed,A1
december,P1,Science,chilly,A1
december,P1,Science,cool,A1
december,P1,English,belt,A1
december,P1,Go Get Maths,sand,A1
december,P1,Go Get Maths,sack,A1
december,P1,Go Get Maths,stool,A1
december,P1,English,robe,A1
december,P1,English,bell,A1
december,P1,Go Get Maths,weigh,A1
december,P1,Go Get Maths,tilt,A1
december,P1,Go Get Maths,rise,A1
december,P1,English,lip,A1
december,P1,Go Get Maths,fall,A1
december,P1,Science,outdoor,A1
december,P1,English,chip,A1
december,P1,Go Get Maths,cubit,A1
december,P1,Go Get Maths,balanced,A1
december,P1,English,eyebrow,A1
december,P1,Go Get Maths,empty,A1
december,P1,Science,astronaut,A1
december,P1,Go Get Maths,full,A1
december,P1,Science,explore,A1
december,P1,Science,estimate,A1
december,P1,Science,explain,A1
december,P1,English,band,A1
december,P1,Go Get Maths,weak,A1
december,P1,Science,night sky,A1
december,P1,Go Get Maths,package,A1
december,P1,English,pond,A1
december,P2,,donkey,A2
december,P2,,grey,A2
december,P2,,monkey,A2
december,P2,,sea,A2
december,P2,,patient,A2
december,P2,,hospital,A2
december,P2,,noise,A2
december,P2,,toothache,A2
december,P2,,headache,A2
december,P2,,weight,A2
december,P2,,sore throat,A2
december,P2,,bamboo,A2
december,P2,,pine cones,A2
december,P2,,dry leaves,A2
december,P2,,waiting room,A2
december,P2,,string,A2
december,P2,,purse,A2
december,P2,,reception,A2
december,P2,,torch,A2
december,P3,,curly,A2
december,P3,,coral reef,A2
december,P3,,shipwreck,A2
december,P3,,shore,A2
december,P3,,laugh,A2
december,P3,,cry,A2
december,P3,,bubble gum,A2
december,P3,,signature,A2
december,P3,,soybean,A2
december,P3,,question mark,A2
december,P3,,exclamation mark,A2
december,P3,,period,A2
december,P3,,tyre,A2
december,P3,,kangaroo,A2
december,P3,,hot air balloon,A2
december,P3,,cousin,A2
december,P3,,seashell,A2
december,P3,,shoulder,A2
december,P3,,vacation,A2
december,P3,,album,A2
december,P4,,rhino,A2
december,P4,,monkey,A2
december,P4,,hunter,A2
december,P4,,bookmark,A2
december,P4,,book title,A2
december,P4,,fishing hook,A2
december,P4,,fishing line,A2
december,P4,,fishing canoe,A2
december,P4,,stringray,A2
december,P4,,arrow,A2
december,P4,,impala,A2
december,P4,,prince,A2
december,P4,,hippopotamus,A2
december,P4,,baobab tree,A2
december,P4,,old man,A2
december,P4,,chimpanzee,A2
december,P4,,forest,A2
december,P4,,underground,A2
december,P4,,tusk,A2
december,P4,,trap,A2
december,P4,,lion,A2
december,P4,,tickbird,A2
december,P4,,sunrise,A2
december,P4,,gourd,A2
december,P4,,mosquito,A2
december,P4,,stung,A2
december,P5,,airport,B1
december,P5,,station,B1
december,P5,,ticket,B1
december,P5,,passenger,B1
december,P5,,driver,B1
december,P5,,author,B1
december,P5,,luggage,B1
december,P5,,suitcase,B1
december,P5,,compass,B1
december,P5,,route,B1
december,P5,,coast,B1
december,P5,,highway,B1
december,P5,,pack,B1
december,P5,,unpack,B1
december,P5,,steer,B1
december,P5,,pedal,B1
december,P5,,signal,B1
december,P5,,hurry,B1
december,P5,,delay,B1
december,P5,,navigate,B1
december,P5,,depart,B1
december,P5,,arrive,B1
december,P5,,crowded,B1
december,P5,,empty,B1
december,P5,,dangerous,B1
december,P5,,distant,B1
december,P5,,local,B1
december,P5,,international,B1
december,P5,,smooth,B1
december,P5,,bumpy,B1
december,P5,,direct,B1
december,P5,,early,B1
december,P5,,late,B1
december,P5,,convenient,B1
december,P5,,quick,B1
december,P6,,poison,B1
december,P6,,antler,B1
december,P6,,swarm,B1
december,P6,,toad,B1
december,P6,,deer,B1
december,P6,,bract,B1
december,P6,,survival,B1
december,P6,,shipwreck,B1
december,P6,,setting,B1
december,P6,,torch,B1
december,P6,,knife,B1
december,P6,,rope,B1
december,P6,,compass,B1
december,P6,,signal,B1
december,P6,,survivor,B1
december,P6,,pocket,B1
december,P6,,crew,B1
december,P6,,shark,B1
december,P6,,salamander,B1
december,P6,,newt,B1
december,P6,,budget,B1
december,P6,,income,B1
december,P6,,outgoing,B1
december,P6,,target,B1
december,P6,,plan,B1
december,P6,,limit,B1
december,P6,,snack,B1
december,P6,,job,B1
december,P6,,reward,B1
december,P6,,coin,B1
december,P6,,gold,B1
december,P6,,bronze,B1
january,K1,,lion,Pre-A1
january,K1,,monkey,Pre-A1
january,K1,,hippo,Pre-A1
january,K1,,rhino,Pre-A1
january,K1,,letter s,Pre-A1
january,K1,,letter t,Pre-A1
january,K1,,letter u,Pre-A1
january,K1,,pig,Pre-A1
january,K1,,sheep,Pre-A1
january,K1,,shark,Pre-A1
january,K1,,octopus,Pre-A1
january,K1,,worm,Pre-A1
january,K1,,kangaroo,Pre-A1
january,K1,,koala,Pre-A1
january,K1,,deer,Pre-A1
january,K1,,wolf,Pre-A1
january,K1,,peacock,Pre-A1
january,K1,,parrot,Pre-A1
january,K1,,paper kite,Pre-A1
january,K1,,paper bird,Pre-A1
january,K2,,sandals,Pre-A1
january,K2,,spring,Pre-A1
january,K2,,fall,Pre-A1
january,K2,,winter,Pre-A1
january,K2,,uniform,Pre-A1
january,K2,,apron,Pre-A1
january,K2,,pocket,Pre-A1
january,K2,,zipper,Pre-A1
january,K2,,sleeve,Pre-A1
january,K2,,collar,Pre-A1
january,K2,,belt,Pre-A1
january,K2,,swimsuit,Pre-A1
january,K2,,pajamas,Pre-A1
january,K2,,sneakers,Pre-A1
january,K2,,laundry basket,Pre-A1
january,K2,,closet,Pre-A1
january,K2,,cotton,Pre-A1
january,K2,,silk,Pre-A1
january,K2,,fabric,Pre-A1
january,K2,,wear,Pre-A1
january,K2,,clothes,Pre-A1
january,K2,,canvas,Pre-A1
january,K2,,clothesline,Pre-A1
january,K2,,clothespin,Pre-A1
january,K2,,plastic tub,Pre-A1
january,K2,,detergent,Pre-A1
january,K2,,blazer,Pre-A1
january,K2,,earmuffs,Pre-A1
january,K2,,sleveless,Pre-A1
january,K2,,stain,Pre-A1
january,K2,,stockings,Pre-A1
january,K2,,leggings,Pre-A1
january,K2,,slippers,Pre-A1
january,K2,,vest,Pre-A1
january,K3,,chef,A1
january,K3,,taxi driver,A1
january,K3,,vet,A1
january,K3,,zookeeper,A1
january,K3,,singer,A1
january,K3,,actor,A1
january,K3,,fire station,A1
january,K3,,fire truck,A1
january,K3,,police station,A1
january,K3,,police car,A1
january,K3,,stethoscope,A1
january,K3,,microphone,A1
january,K3,,first aid kit,A1
january,K3,,lab coat,A1
january,K3,,medical mask,A1
january,K3,,badge,A1
january,K3,,tuck in,A1
january,K3,,untuck,A1
january,K3,,uniform,A1
january,K3,,whistle,A1
january,K3,,white board,A1
january,K3,,notepad,A1
january,K3,,pan,A1
january,K3,,apron,A1
january,K3,,stage,A1
january,K3,,steering wheel,A1
january,K3,,measuring tape,A1
january,K3,,police cap,A1
january,K3,,chef’s hat,A1
january,K3,,smart,A1
january,K3,,trick,A1
january,K3,,loud,A1
january,K3,,shout,A1
january,K3,,prickle,A1
january,P1,Science,pebble,A1
january,P1,Science,mineral,A1
january,P1,Science,boulder,A1
january,P1,English,parrot,A1
january,P1,Science,gravel,A1
january,P1,English,tambourine,A1
january,P1,Science,collect,A1
january,P1,English,violin,A1
january,P1,Go Get Maths,digit,A1
january,P1,Science,pick up,A1
january,P1,English,maracas,A1
january,P1,Go Get Maths,value,A1
january,P1,Science,sand,A1
january,P1,English,piano,A1
january,P1,English,trumpet,A1
january,P1,Go Get Maths,bundle,A1
january,P1,English,xylophone,A1
january,P1,Go Get Maths,band,A1
january,P1,Science,grey,A1
january,P1,English,torch,A1
january,P1,Science,clay,A1
january,P1,English,night,A1
january,P1,Go Get Maths,sheep,A1
january,P1,Go Get Maths,flock,A1
january,P1,English,saxophone,A1
january,P1,English,jogging,A1
january,P1,Science,dull,A1
january,P1,Go Get Maths,set,A1
january,P1,Science,crystal,A1
january,P1,Science,cliff,A1
january,P1,English,skunk,A1
january,P1,Go Get Maths,coin,A1
january,P1,Science,quarry,A1
january,P1,Go Get Maths,token,A1
january,P1,Science,sediment,A1
january,P1,Go Get Maths,abacus,A1
january,P1,English,spray,A1
january,P1,Go Get Maths,rod,A1
january,P1,Science,pointed,A1
january,P1,English,splint,A1
january,P1,Go Get Maths,increase,A1
january,P1,Go Get Maths,decrease,A1
january,P1,Science,fossil,A1
january,P1,Science,polish,A1
january,P1,English,knife,A1
january,P1,Go Get Maths,forward,A1
january,P1,Science,magnet,A1
january,P1,Go Get Maths,backward,A1
january,P1,English,pavement,A1
january,P1,Go Get Maths,middle,A1
january,P1,Science,magnetic,A1
january,P1,Go Get Maths,top,A1
january,P1,Science,attract,A1
january,P1,Go Get Maths,bottom,A1
january,P1,Science,dense,A1
january,P1,Science,bouyant,A1
january,P1,English,purse,A1
january,P1,Science,surface,A1
january,P1,Go Get Maths,stapler,A1
january,P1,Science,tub,A1
january,P1,Go Get Maths,marbles,A1
january,P1,Science,natural,A1
january,P1,English,sandcastle,A1
january,P1,Go Get Maths,exchange,A1
january,P1,English,skate boarding,A1
january,P1,Go Get Maths,screwdriver,A1
january,P1,Science,wrong,A1
january,P1,Go Get Maths,split,A1
january,P1,Science,artificial,A1
january,P1,English,trophy,A1
january,P1,Go Get Maths,break,A1
january,P1,Science,tiny,A1
january,P1,Go Get Maths,flagpole,A1
january,P1,Science,huge,A1
january,P1,English,spring,A1
january,P1,Go Get Maths,move,A1
january,P1,Science,container,A1
january,P1,English,winter,A1
january,P1,English,bug,A1
january,P1,Go Get Maths,reach,A1
january,P1,Science,funnel,A1
january,P1,Science,method,A1
january,P1,Go Get Maths,connect,A1
january,P1,Science,tool,A1
january,P1,Go Get Maths,separate,A1
january,P1,English,hit,A1
january,P2,,zip,A2
january,P2,,wire,A2
january,P2,,whistle,A2
january,P2,,wave,A2
january,P2,,timetable,A2
january,P2,,sun cream,A2
january,P2,,stick insect,A2
january,P2,,sandcastle,A2
january,P2,,sack,A2
january,P2,,pipe,A2
january,P2,,piano,A2
january,P2,,peacock,A2
january,P2,,pavement,A2
january,P2,,parrot,A2
january,P2,,lion,A2
january,P3,,cycling,A2
january,P3,,trekking,A2
january,P3,,camping,A2
january,P3,,skiing,A2
january,P3,,sailboat,A2
january,P3,,selfiestick,A2
january,P3,,donkey,A2
january,P3,,treepod,A2
january,P3,,forest,A2
january,P3,,wifi,A2
january,P3,,ticket,A2
january,P3,,snorkeling,A2
january,P3,,photo,A2
january,P3,,photographer,A2
january,P3,,rail,A2
january,P3,,monkey,A2
january,P3,,stargazer,A2
january,P3,,rampart,A2
january,P3,,sea,A2
january,P3,,ice,A2
january,P3,,windmill,A2
january,P3,,screen,A2
january,P3,,blog page,A2
january,P3,,sand,A2
january,P3,,sign,A2
january,P3,,sunscreen,A2
january,P3,,hall,A2
january,P3,,tower,A2
january,P3,,above,A2
january,P3,,camera stand,A2
january,P4,,kayaking,A2
january,P4,,rock climb,A2
january,P4,,zip line,A2
january,P4,,orienteer,A2
january,P4,,mountain bike,A2
january,P4,,white water raft,A2
january,P4,,climber,A2
january,P4,,hot air balloon,A2
january,P4,,volcano,A2
january,P4,,snorkel,A2
january,P4,,gold medal,A2
january,P4,,icerberg,A2
january,P4,,dive,A2
january,P4,,fossil,A2
january,P4,,den,A2
january,P4,,animal track,A2
january,P4,,rock pool,A2
january,P4,,binoculars,A2
january,P4,,poohstick,A2
january,P4,,torch,A2
january,P4,,pond,A2
january,P4,,paddle,A2
january,P4,,clamber,A2
january,P4,,spot,A2
january,P4,,dam,A2
january,P4,,hill,A2
january,P5,,keyboard,B1
january,P5,,screen,B1
january,P5,,monitor,B1
january,P5,,microphone,B1
january,P5,,charger,B1
january,P5,,message,B1
january,P5,,email,B1
january,P5,,internet,B1
january,P5,,program,B1
january,P5,,spread,B1
january,P5,,network,B1
january,P5,,file,B1
january,P5,,folder,B1
january,P5,,click,B1
january,P5,,type,B1
january,P5,,upload,B1
january,P5,,download,B1
january,P5,,connect,B1
january,P5,,disconnect,B1
january,P5,,charge,B1
january,P5,,save,B1
january,P5,,reply,B1
january,P5,,digital,B1
january,P5,,online,B1
january,P5,,offline,B1
january,P5,,modern,B1
january,P5,,smart,B1
january,P5,,useful,B1
january,P5,,powerful,B1
january,P5,,wireless,B1
january,P5,,automatic,B1
january,P5,,electronic,B1
january,P5,,portable,B1
january,P5,,secure,B1
january,P5,,simple,B1
january,P5,,popular,B1
january,P5,,reliable,B1
january,P6,,banknote,B1
january,P6,,payment,B1
january,P6,,contactless,B1
january,P6,,digital,B1
january,P6,,currency,B1
january,P6,,expense,B1
january,P6,,saving,B1
january,P6,,debt,B1
january,P6,,loan,B1
january,P6,,interest,B1
january,P6,,price,B1
january,P6,,cost,B1
january,P6,,value,B1
january,P6,,wealth,B1
january,P6,,poverty,B1
january,P6,,trade,B1
january,P6,,barter,B1
january,P6,,goods,B1
january,P6,,customer,B1
january,P6,,seller,B1
january,P6,,buyer,B1
january,P6,,tip,B1
january,P6,,advice,B1
january,P6,,goal,B1
january,P6,,fund,B1
january,P6,,cash,B1
january,P6,,wallet,B1
january,P6,,purse,B1
january,P6,,account,B1
january,P6,,acrostic,B1
january,P6,,laughter,B1
january,P6,,noisy,B1
january,P6,,anniversary,B1
january,P6,,joke,B1
january,P6,,concert,B1
january,P6,,resources,B1
january,P6,,metal,B1
january,P6,,mineral,B1
february,K1,,plow,Pre-A1
february,K1,,pull,Pre-A1
february,K1,,kneel,Pre-A1
february,K1,,juggle,Pre-A1
february,K1,,whistle,Pre-A1
february,K1,,wave,Pre-A1
february,K1,,stomp,Pre-A1
february,K1,,tiptoe,Pre-A1
february,K1,,shout,Pre-A1
february,K1,,whisper,Pre-A1
february,K1,,laugh,Pre-A1
february,K1,,close,Pre-A1
february,K1,,reach,Pre-A1
february,K1,,pedal,Pre-A1
february,K1,,paddle,Pre-A1
february,K1,,comb,Pre-A1
february,K1,,zip,Pre-A1
february,K2,,loud,Pre-A1
february,K2,,popcorn,Pre-A1
february,K2,,sand,Pre-A1
february,K2,,flashlight,Pre-A1
february,K2,,cinnamon,Pre-A1
february,K2,,vanilla,Pre-A1
february,K2,,perfume,Pre-A1
february,K2,,spicy,Pre-A1
february,K2,,crunchy,Pre-A1
february,K2,,smooth,Pre-A1
february,K2,,rough,Pre-A1
february,K2,,sticky,Pre-A1
february,K2,,slippery,Pre-A1
february,K2,,bright,Pre-A1
february,K2,,dim,Pre-A1
february,K2,,whisper,Pre-A1
february,K2,,echo,Pre-A1
february,K2,,tumbler,Pre-A1
february,K2,,smells good,Pre-A1
february,K2,,smells bad,Pre-A1
february,K2,,ugly,Pre-A1
february,K2,,beautiful,Pre-A1
february,K2,,gong,Pre-A1
february,K2,,tambourine,Pre-A1
february,K2,,stuffed toy,Pre-A1
february,K2,,chilli,Pre-A1
february,K2,,alarm clock,Pre-A1
february,K2,,headphones,Pre-A1
february,K2,,duster,Pre-A1
february,K2,,swan,Pre-A1
february,K2,,yummy,Pre-A1
february,K3,,piano,A1
february,K3,,mirror,A1
february,K3,,tambourine,A1
february,K3,,shaker,A1
february,K3,,violin,A1
february,K3,,trumpet,A1
february,K3,,tracksuit,A1
february,K3,,pajamas,A1
february,K3,,comb,A1
february,K3,,jeans,A1
february,K3,,slipper,A1
february,K3,,sneaker,A1
february,K3,,hook,A1
february,K3,,wool,A1
february,K3,,closet,A1
february,K3,,get up,A1
february,K3,,wear,A1
february,K3,,t-shirt,A1
february,K3,,costume,A1
february,K3,,morning,A1
february,K3,,night,A1
february,K3,,glasses,A1
february,K3,,shelf,A1
february,K3,,messy,A1
february,K3,,bite,A1
february,K3,,pirate,A1
february,K3,,eye patch,A1
february,K3,,wand,A1
february,K3,,cape,A1
february,K3,,fairytale,A1
february,K3,,ballet shoe,A1
february,K3,,princess,A1
february,P1,Go Get Maths,sugar,A1
february,P1,Science,volcano,A1
february,P1,English,binoculars,A1
february,P1,Science,lava,A1
february,P1,Science,magma,A1
february,P1,Go Get Maths,plan,A1
february,P1,Science,gem,A1
february,P1,English,coin,A1
february,P1,Go Get Maths,bowl,A1
february,P1,Science,layer,A1
february,P1,Go Get Maths,puppy,A1
february,P1,Science,crater,A1
february,P1,English,icecream,A1
february,P1,Go Get Maths,choose,A1
february,P1,Go Get Maths,act,A1
february,P1,Go Get Maths,picture graph,A1
february,P1,Science,ecosystem,A1
february,P1,Science,animal,A1
february,P1,English,jeans,A1
february,P1,Science,den,A1
february,P1,English,peacock,A1
february,P1,Go Get Maths,title,A1
february,P1,Science,burrow,A1
february,P1,English,monkey,A1
february,P1,Go Get Maths,align,A1
february,P1,Science,habitat,A1
february,P1,Science,move,A1
february,P1,Go Get Maths,survey,A1
february,P1,Science,camouflage,A1
february,P1,Go Get Maths,vote,A1
february,P1,Science,adapt,A1
february,P1,English,lion,A1
february,P1,Go Get Maths,tally,A1
february,P1,Science,migrate,A1
february,P1,Go Get Maths,icon,A1
february,P1,Science,hibernate,A1
february,P1,English,neck,A1
february,P1,Science,pond,A1
february,P1,Science,coast,A1
february,P1,English,curl,A1
february,P1,Go Get Maths,pear,A1
february,P1,English,cell phone,A1
february,P1,English,burn,A1
february,P1,Science,canyon,A1
february,P1,English,circus,A1
february,P1,Science,forest,A1
february,P1,English,safari,A1
february,P1,Science,glacier,A1
february,P1,Science,erosion,A1
february,P1,Go Get Maths,collect,A1
february,P1,Science,ash,A1
february,P1,Science,hill,A1
february,P1,Science,ocean,A1
february,P1,English,huge,A1
february,P1,Go Get Maths,tortoise,A1
february,P1,English,oil,A1
february,P1,Go Get Maths,guava,A1
february,P1,Science,model,A1
february,P1,Go Get Maths,pomelo,A1
february,P1,English,paper plate,A1
february,P1,Go Get Maths,cereal,A1
february,P1,Science,exhibit,A1
february,P1,Go Get Maths,mark,A1
february,P1,Science,prize,A1
february,P1,Go Get Maths,many,A1
february,P1,Science,badge,A1
february,P1,Go Get Maths,few,A1
february,P1,Go Get Maths,high,A1
february,P1,English,zigzag,A1
february,P1,Go Get Maths,low,A1
february,P1,Science,showcase,A1
february,P1,Go Get Maths,clear,A1
february,P1,Science,discover,A1
february,P1,English,morning,A1
february,P1,Go Get Maths,store,A1
february,P1,English,afternoon,A1
february,P1,Go Get Maths,favorite,A1
february,P1,English,evening,A1
february,P1,Go Get Maths,rare,A1
february,P1,Science,well done,A1
february,P1,English,jeep,A1
february,P2,,bat,A2
february,P2,,bin,A2
february,P2,,binoculars,A2
february,P2,,carousel,A2
february,P2,,chip,A2
february,P2,,cot,A2
february,P2,,engine,A2
february,P2,,fog,A2
february,P2,,baseball,A2
february,P3,,postcard,A2
february,P3,,laptop,A2
february,P3,,typewriter,A2
february,P3,,spring roll,A2
february,P3,,bin,A2
february,P3,,shark,A2
february,P3,,stopwatch,A2
february,P3,,peacock,A2
february,P3,,microchip,A2
february,P3,,landline,A2
february,P3,,glasses,A2
february,P3,,granfather,A2
february,P3,,clothes,A2
february,P3,,softdrink,A2
february,P3,,decoration,A2
february,P3,,fruit stick,A2
february,P3,,paper plate,A2
february,P3,,cough,A2
february,P3,,headphones,A2
february,P3,,earpods,A2
february,P3,,board game,A2
february,P3,,tiny,A2
february,P3,,letter,A2
february,P3,,handwrite,A2
february,P3,,spinner,A2
february,P3,,winter,A2
february,P3,,text,A2
february,P3,,app,A2
february,P3,,email,A2
february,P3,,type,A2
february,P3,,computer game,A2
february,P3,,punctuation,A2
february,P4,,trip,A2
february,P4,,planetarium,A2
february,P4,,oven,A2
february,P4,,football stadium,A2
february,P4,,activity centre,A2
february,P4,,letter,A2
february,P4,,countryside,A2
february,P4,,wifi,A2
february,P4,,pea,A2
february,P4,,note,A2
february,P4,,painter,A2
february,P4,,grandparent,A2
february,P4,,clothes,A2
february,P4,,postcard,A2
february,P4,,tourist,A2
february,P4,,airport,A2
february,P4,,restaurant,A2
february,P4,,coral reef,A2
february,P4,,suitcase,A2
february,P4,,ht,A2
february,P4,,bedding,A2
february,P4,,lifejacket,A2
february,P4,,badge,A2
february,P4,,sea,A2
february,P4,,jersey,A2
february,P4,,jeep,A2
february,P4,,treetop,A2
february,P5,,gloves,B1
february,P5,,emergency,B1
february,P5,,sunshine,B1
february,P5,,breeze,B1
february,P5,,attack,B1
february,P5,,forecast,B1
february,P5,,wear,B1
february,P5,,zip,B1
february,P5,,melt,B1
february,P5,,freeze,B1
february,P5,,blow,B1
february,P5,,headache,B1
february,P5,,cool,B1
february,P5,,icy,B1
february,P5,,freezing,B1
february,P5,,equipment,B1
february,P5,,cozy,B1
february,P6,,diamond,B1
february,P6,,copper,B1
february,P6,,happiness,B1
february,P6,,pleasure,B1
february,P6,,brilliance,B1
february,P6,,culture,B1
february,P6,,fireworks,B1
february,P6,,anger,B1
february,P6,,passion,B1
february,P6,,leather,B1
february,P6,,porcelain,B1
february,P6,,confidence,B1
february,P6,,alien,B1
february,P6,,comedy,B1
february,P6,,comedian,B1
february,P6,,waterproof,B1
february,P6,,mermaid,B1
february,P6,,submarine,B1
february,P6,,nasty,B1
february,P6,,choreographer,B1
february,P6,,tour,B1
february,P6,,funny,B1
february,P6,,drummer,B1
february,P6,,flash mob,B1
february,P6,,outfit,B1
february,P6,,silly,B1
february,P6,,classical,B1
february,P6,,emotion,B1
february,P6,,trumpet,B1
february,P6,,jazz,B1
february,P6,,painter,B1
february,P6,,sunshine,B1
february,P6,,homophone,B1
february,P6,,homograph,B1
february,P6,,genre,B1
february,P6,,fiction,B1
february,P6,,poetry,B1
february,P6,,population,B1
february,P6,,connectivity,B1
february,P6,,debate,B1
march,K1,,wake,Pre-A1
march,K1,,rich,Pre-A1
march,K1,,nice,Pre-A1
march,K1,,week,Pre-A1
march,K1,,wear,Pre-A1
march,K1,,take,Pre-A1
march,K1,,long,Pre-A1
march,K1,,soup,Pre-A1
march,K1,,tell,Pre-A1
march,K1,,great,Pre-A1
march,K1,,meet,Pre-A1
march,K1,,move,Pre-A1
march,K1,,send,Pre-A1
march,K1,,show,Pre-A1
march,K1,,know,Pre-A1
march,K1,,bring,Pre-A1
march,K1,,cream,Pre-A1
march,K1,,actor,Pre-A1
march,K1,,funny,Pre-A1
march,K1,,want,Pre-A1
march,K1,,sell,Pre-A1
march,K2,,real,Pre-A1
march,K2,,song,Pre-A1
march,K2,,poor,Pre-A1
march,K2,,page,Pre-A1
march,K2,,only,Pre-A1
march,K2,,same,Pre-A1
march,K2,,line,Pre-A1
march,K2,,main,Pre-A1
march,K2,,late,Pre-A1
march,K2,,past,Pre-A1
march,K2,,lose,Pre-A1
march,K2,,plan,Pre-A1
march,K2,,mile,Pre-A1
march,K2,,note,Pre-A1
march,K2,,meal,Pre-A1
march,K2,,life,Pre-A1
march,K2,,left,Pre-A1
march,K2,,mean,Pre-A1
march,K2,,join,Pre-A1
march,K2,,news,Pre-A1
march,K2,,miss,Pre-A1
march,K2,,half,Pre-A1
march,K2,,meat,Pre-A1
march,K2,,need,Pre-A1
march,K2,,pair,Pre-A1
march,K2,,lion,Pre-A1
march,K3,,thanks,A1
march,K3,,dancing,A1
march,K3,,imagine,A1
march,K3,,reason,A1
march,K3,,return,A1
march,K3,,believe,A1
march,K3,,pretty,A1
march,K3,,period,A1
march,K3,,explain,A1
march,K3,,cooking,A1
march,K3,,winter,A1
march,K3,,pepper,A1
march,K3,,example,A1
march,K3,,useful,A1
march,K3,,concert,A1
march,K3,,clothes,A1
march,K3,,prefer,A1
march,K3,,toilet,A1
march,K3,,police,A1
march,K3,,spring,A1
march,K3,,worker,A1
march,K3,,writer,A1
march,K3,,result,A1
march,K3,,ticket,A1
march,K3,,include,A1
march,K3,,waiter,A1
march,K3,,reader,A1
march,K3,,capital,A1
march,K3,,phrase,A1
march,K3,,feeling,A1
march,K3,,history,A1
march,K3,,player,A1
march,P1,Go Get Maths,vertices,A1
march,P1,Science,weak,A1
march,P1,English,introduce,A1
march,P1,Go Get Maths,straight,A1
march,P1,English,ever,A1
march,P1,Science,waterproof,A1
march,P1,English,when,A1
march,P1,Go Get Maths,solid,A1
march,P1,Science,absorb,A1
march,P1,English,never,A1
march,P1,Go Get Maths,2D shape,A1
march,P1,English,later,A1
march,P1,Go Get Maths,3D shape,A1
march,P1,Science,pull,A1
march,P1,English,grandparent,A1
march,P1,Go Get Maths,symmetry,A1
march,P1,Science,force,A1
march,P1,English,understand,A1
march,P1,Go Get Maths,symmetrical,A1
march,P1,Science,movement,A1
march,P1,Go Get Maths,above,A1
march,P1,English,here,A1
march,P1,Go Get Maths,below,A1
march,P1,English,always,A1
march,P1,English,paragraph,A1
march,P1,Go Get Maths,near,A1
march,P1,English,where,A1
march,P1,Go Get Maths,far,A1
march,P1,English,difficult,A1
march,P1,Go Get Maths,behind,A1
march,P1,Science,fall,A1
march,P1,Go Get Maths,beside,A1
march,P1,English,then,A1
march,P1,English,really,A1
march,P1,Go Get Maths,over,A1
march,P1,Science,non-magnetic,A1
march,P1,English,maybe,A1
march,P1,Go Get Maths,around,A1
march,P1,Science,shadow,A1
march,P1,English,wonderful,A1
march,P1,Go Get Maths,across,A1
march,P1,Science,heat,A1
march,P1,Go Get Maths,through,A1
march,P1,Go Get Maths,direction,A1
march,P1,English,else,A1
march,P1,Go Get Maths,width,A1
march,P1,Go Get Maths,heavier,A1
march,P1,Science,fog,A1
march,P1,English,once,A1
march,P1,Go Get Maths,lighter,A1
march,P1,Science,spring,A1
march,P1,English,programme,A1
march,P1,Go Get Maths,capacity,A1
march,P1,English,quite,A1
march,P1,Go Get Maths,volume,A1
march,P1,Science,autumn,A1
march,P1,English,policeman,A1
march,P1,Go Get Maths,more than,A1
march,P1,Science,winter,A1
march,P1,English,restaurant,A1
march,P1,Go Get Maths,less than,A1
march,P1,Science,earth,A1
march,P1,English,dictionary,A1
march,P1,Go Get Maths,about,A1
march,P1,English,often,A1
march,P1,Go Get Maths,exact,A1
march,P1,Science,environment,A1
march,P1,English,important,A1
march,P1,Go Get Maths,measurement,A1
march,P1,Science,recycle,A1
march,P1,English,again,A1
march,P1,Go Get Maths,centimetre,A1
march,P1,Science,reuse,A1
march,P1,English,kilometre,A1
march,P1,Go Get Maths,metre,A1
march,P1,Science,reduce,A1
march,P1,English,twice,A1
march,P1,Go Get Maths,gram,A1
march,P1,English,there,A1
march,P1,Go Get Maths,litre,A1
march,P1,Science,waste,A1
march,P1,English,just,A1
march,P1,Go Get Maths,millilitre,A1
march,P1,Science,pollution,A1
march,P1,English,geography,A1
march,P1,Science,clean air,A1
march,P1,English,favourite,A1
march,P1,Science,clean water,A1
march,P1,English,soon,A1
march,P1,Go Get Maths,minute,A1
march,P1,Science,save water,A1
march,P1,English,still,A1
march,P1,Go Get Maths,morning,A1
march,P1,English,down,A1
march,P1,Go Get Maths,afternoon,A1
march,P1,Science,care for,A1
march,P1,English,interested,A1
march,P1,Go Get Maths,evening,A1
march,P1,Science,observation,A1
march,P1,English,very,A1
march,P1,Go Get Maths,today,A1
march,P1,Science,prediction,A1
march,P1,English,even,A1
march,P1,Go Get Maths,tomorrow,A1
march,P1,English,however,A1
march,P1,Go Get Maths,yesterday,A1
march,P1,English,well,A1
march,P1,Go Get Maths,day,A1
march,P1,Go Get Maths,week,A1
march,P1,Go Get Maths,month,A1
march,P1,English,interesting,A1
march,P1,English,neighbour,A1
march,P2,,stage,A2
march,P2,,offer,A2
march,P2,,raise,A2
march,P2,,major,A2
march,P2,,sheet,A2
march,P2,,owner,A2
march,P2,,scene,A2
march,P2,,marry,A2
march,P2,,maths,A2
march,P2,,prize,A2
march,P2,,reach,A2
march,P2,,route,A2
march,P2,,media,A2
march,P2,,react,A2
march,P2,,scary,A2
march,P2,,sense,A2
march,P2,,penny,A2
march,P2,,steal,A2
march,P2,,noisy,A2
march,P2,,sauce,A2
march,P2,,serve,A2
march,P2,,refer,A2
march,P2,,store,A2
march,P2,,reply,A2
march,P2,,solve,A2
march,P2,,shout,A2
march,P2,,novel,A2
march,P2,,level,A2
march,P3,,fair,A2
march,P3,,goal,A2
march,P3,,lady,A2
march,P3,,fear,A2
march,P3,,earn,A2
march,P3,,flat,A2
march,P3,,joke,A2
march,P3,,golf,A2
march,P3,,fail,A2
march,P3,,dark,A2
march,P3,,hero,A2
march,P3,,lead,A2
march,P3,,lock,A2
march,P3,,deal,A2
march,P3,,jazz,A2
march,P3,,deep,A2
march,P3,,lend,A2
march,P3,,cash,A2
march,P3,,huge,A2
march,P3,,copy,A2
march,P3,,hill,A2
march,P3,,link,A2
march,P3,,item,A2
march,P3,,case,A2
march,P3,,fall,A2
march,P3,,lost,A2
march,P3,,chef,A2
march,P3,,gold,A2
march,P3,,dead,A2
march,P3,,chip,A2
march,P3,,hurt,A2
march,P3,,chat,A2
march,P3,,heat,A2
march,P4,,quantity,A2
march,P4,,department,A2
march,P4,,electrical,A2
march,P4,,movement,A2
march,P4,,population,A2
march,P4,,environment,A2
march,P4,,personality,A2
march,P4,,tradition,A2
march,P4,,condition,A2
march,P4,,direction,A2
march,P4,,competition,A2
march,P4,,possibility,A2
march,P4,,relationship,A2
march,P4,,invention,A2
march,P4,,celebrity,A2
march,P4,,conference,A2
march,P4,,community,A2
march,P4,,any more,A2
march,P4,,appearance,A2
march,P4,,attention,A2
march,P4,,immediately,A2
march,P4,,expression,A2
march,P4,,possession,A2
march,P4,,alternative,A2
march,P4,,classical,A2
march,P4,,advertisement,A2
march,P4,,attractive,A2
march,P4,,permission,A2
march,P4,,detective,A2
march,P4,,pollution,A2
march,P4,,discussion,A2
march,P4,,reception,A2
march,P4,,arrangement,A2
march,P4,,unfortunately,A2
march,P4,,explanation,A2
march,P4,,instrument,A2
march,P4,,physical,A2
march,P4,,position,A2
march,P5,,curtain,B1
march,P5,,central,B1
march,P5,,consume,B1
march,P5,,combine,B1
march,P5,,channel,B1
march,P5,,consist,B1
march,P5,,supply,B1
march,P5,,contact,B1
march,P5,,revise,B1
march,P5,,unfair,B1
march,P5,,costume,B1
march,P5,,victim,B1
march,P5,,annoyed,B1
march,P5,,complex,B1
march,P5,,update,B1
march,P5,,spring,B1
march,P5,,spirit,B1
march,P5,,confuse,B1
march,P5,,string,B1
march,P5,,average,B1
march,P5,,attract,B1
march,P5,,sudden,B1
march,P5,,unable,B1
march,P5,,captain,B1
march,P5,,viewer,B1
march,P5,,safety,B1
march,P5,,by,B1
march,P5,,suffer,B1
march,P5,,script,B1
march,P5,,account,B1
march,P5,,covered,B1
march,P5,,current,B1
march,P5,,confirm,B1
march,P5,,analyse,B1
march,P5,,studio,B1
march,P5,,spoken,B1
march,P5,,theory,B1
march,P5,,content,B1
march,P5,,silent,B1
march,P5,,arrival,B1
march,P5,,chapter,B1
march,P5,,benefit,B1
march,P5,,sample,B1
march,P5,,throat,B1
march,P6,,additional,B2
march,P6,,development,B2
march,P6,,intelligence,B2
march,P6,,destination,B2
march,P6,,management,B2
march,P6,,punishment,B2
march,P6,,announcement,B2
march,P6,,transform,B2
march,P6,,reservation,B2
march,P6,,enthusiasm,B2
march,P6,,thus,B2
march,P6,,competitive,B2
march,P6,,artificial,B2
march,P6,,translation,B2
march,P6,,philosophy,B2
march,P6,,appointment,B2
march,P6,,communication,B2
march,P6,,historical,B2
march,P6,,structure,B2
march,P6,,impression,B2
march,P6,,acceptable,B2
march,P6,,similarity,B2
march,P6,,industrial,B2
march,P6,,accommodation,B2
march,P6,,achievement,B2
march,P6,,temporary,B2
march,P6,,prediction,B2
march,P6,,illustrate,B2
march,P6,,contribute,B2
march,P6,,associated,B2
march,P6,,entertainment,B2
march,P6,,distribute,B2
march,P6,,production,B2
march,P6,,depressing,B2
march,P6,,fully,B2
march,P6,,deliberate,B2
march,P6,,discipline,B2
march,P6,,profession,B2
march,P6,,consequence,B2
march,P6,,unemployment,B2
march,P6,,improvement,B2
march,P6,,phenomenon,B2
march,P6,,importance,B2
march,P6,,responsibility,B2
march,P6,,impressive,B2
march,P6,,consistent,B2
march,P6,,recommendation,B2
april,K1,,spend,Pre-A1
april,K1,,little,Pre-A1
april,K1,,speak,Pre-A1
april,K1,,quick,Pre-A1
april,K1,,choose,Pre-A1
april,K1,,spell,Pre-A1
april,K1,,cousin,Pre-A1
april,K1,,follow,Pre-A1
april,K1,,visit,Pre-A1
april,K1,,teach,Pre-A1
april,K1,,artist,Pre-A1
april,K1,,photo,Pre-A1
april,K1,,uncle,Pre-A1
april,K1,,butter,Pre-A1
april,K1,,night,Pre-A1
april,K1,,finish,Pre-A1
april,K1,,animal,Pre-A1
april,K1,,large,Pre-A1
april,K1,,sugar,Pre-A1
april,K1,,month,Pre-A1
april,K2,,email,Pre-A1
april,K2,,group,Pre-A1
april,K2,,front,Pre-A1
april,K2,,cheap,Pre-A1
april,K2,,local,Pre-A1
april,K2,,false,Pre-A1
april,K2,,piano,Pre-A1
april,K2,,jeans,Pre-A1
april,K2,,early,Pre-A1
april,K2,,other,Pre-A1
april,K2,,trip,Pre-A1
april,K2,,word,Pre-A1
april,K2,,sure,Pre-A1
april,K2,,hobby,Pre-A1
april,K2,,break,Pre-A1
april,K2,,class,Pre-A1
april,K2,,type,Pre-A1
april,K2,,model,Pre-A1
april,K2,,laugh,Pre-A1
april,K2,,final,Pre-A1
april,K2,,close,Pre-A1
april,K2,,north,Pre-A1
april,K2,,agree,Pre-A1
april,K2,,movie,Pre-A1
april,K2,,begin,Pre-A1
april,K2,,hotel,Pre-A1
april,K2,,true,Pre-A1
april,K2,,extra,Pre-A1
april,K2,,text,Pre-A1
april,K2,,west,Pre-A1
april,K2,,metre,Pre-A1
april,K3,,internet,A1
april,K3,,meeting,A1
april,K3,,opinion,A1
april,K3,,natural,A1
april,K3,,reading,A1
april,K3,,product,A1
april,K3,,writing,A1
april,K3,,popular,A1
april,K3,,ago,A1
april,K3,,mistake,A1
april,K3,,complete,A1
april,K3,,interest,A1
april,K3,,up,A1
april,K3,,subject,A1
april,K3,,far,A1
april,K3,,daughter,A1
april,K3,,language,A1
april,K3,,exciting,A1
april,K3,,similar,A1
april,K3,,dialogue,A1
april,K3,,so,A1
april,K3,,hospital,A1
april,K3,,tourist,A1
april,K3,,message,A1
april,K3,,midnight,A1
april,K3,,how,A1
april,K3,,prepare,A1
april,P1,Go Get Maths,calendar,A2
april,P1,Science,liquid,A2
april,P1,Go Get Maths,o'clock,A2
april,P1,English,gold,A2
april,P1,Go Get Maths,half past,A2
april,P1,Science,ice,A2
april,P1,English,mind,A2
april,P1,Go Get Maths,quarter past,A2
april,P1,Science,steam,A2
april,P1,English,item,A2
april,P1,Go Get Maths,quarter to,A2
april,P1,Science,melt,A2
april,P1,Go Get Maths,earlier,A2
april,P1,Science,freeze,A2
april,P1,English,fear,A2
april,P1,Go Get Maths,later,A2
april,P1,Science,boil,A2
april,P1,English,pack,A2
april,P1,Go Get Maths,duration,A2
april,P1,Science,evaporate,A2
april,P1,English,lazy,A2
april,P1,Science,condense,A2
april,P1,English,dead,A2
april,P1,Go Get Maths,banknote,A2
april,P1,Science,mixture,A2
april,P1,English,oven,A2
april,P1,Go Get Maths,baht,A2
april,P1,Go Get Maths,price,A2
april,P1,Science,separate,A2
april,P1,Go Get Maths,cost,A2
april,P1,Science,transparent,A2
april,P1,English,lead,A2
april,P1,Go Get Maths,pay,A2
april,P1,Science,opaque,A2
april,P1,English,jazz,A2
april,P1,Go Get Maths,buy,A2
april,P1,Science,flexible,A2
april,P1,English,lend,A2
april,P1,Go Get Maths,sell,A2
april,P1,Science,rigid,A2
april,P1,English,link,A2
april,P1,Go Get Maths,cheap,A2
april,P1,Science,brittle,A2
april,P1,English,lady,A2
april,P1,Go Get Maths,expensive,A2
april,P1,Science,absorbent,A2
april,P1,Go Get Maths,worth,A2
april,P1,Science,non-absorbent,A2
april,P1,English,heat,A2
april,P1,Go Get Maths,bar chart,A2
april,P1,Science,texture,A2
april,P1,Go Get Maths,classify,A2
april,P1,Science,north,A2
april,P1,Go Get Maths,category,A2
april,P1,Science,south,A2
april,P1,English,pain,A2
april,P1,Go Get Maths,most,A2
april,P1,Science,east,A2
april,P1,English,luck,A2
april,P1,Go Get Maths,least,A2
april,P1,Science,west,A2
april,P1,English,deal,A2
april,P1,Go Get Maths,popular,A2
april,P1,English,pick,A2
april,P1,Go Get Maths,fraction,A2
april,P1,Science,landform,A2
april,P1,English,hall,A2
april,P1,Science,plain,A2
april,P1,Go Get Maths,equal parts,A2
april,P1,Science,stream,A2
april,P1,English,golf,A2
april,P1,Science,soil type,A2
april,P1,Go Get Maths,divide,A2
april,P1,English,rise,A2
april,P1,Go Get Maths,division,A2
april,P1,Science,daylight,A2
april,P1,English,beef,A2
april,P1,Go Get Maths,show,A2
april,P1,English,joke,A2
april,P1,Go Get Maths,explain,A2
april,P1,English,chef,A2
april,P1,Go Get Maths,reason,A2
april,P1,Science,rotate,A2
april,P1,English,mail,A2
april,P1,Science,rotation,A2
april,P1,English,hurt,A2
april,P1,Go Get Maths,incorrect,A2
april,P1,Science,gravity,A2
april,P1,English,pass,A2
april,P1,Go Get Maths,true,A2
april,P1,Science,satellite,A2
april,P1,English,hero,A2
april,P1,Go Get Maths,false,A2
april,P1,Science,spacecraft,A2
april,P1,English,goal,A2
april,P1,Go Get Maths,hundred chart,A2
april,P1,Science,rain gauge,A2
april,P1,English,bowl,A2
april,P1,Go Get Maths,number grid,A2
april,P1,Science,thermometer,A2
april,P1,Go Get Maths,ten frame,A2
april,P1,Science,wind vane,A2
april,P1,Go Get Maths,five frame,A2
april,P1,Science,weather chart,A2
april,P1,English,loud,A2
april,P1,Go Get Maths,counter,A2
april,P1,Science,forecast,A2
april,P1,Go Get Maths,counters,A2
april,P1,Science,temperature scale,A2
april,P1,English,hill,A2
april,P1,Science,water cycle,A2
april,P1,English,lost,A2
april,P1,Go Get Maths,domino,A2
april,P1,Science,cloud type,A2
april,P1,English,male,A2
april,P1,Go Get Maths,dot pattern,A2
april,P1,Science,rainfall,A2
april,P1,English,lock,A2
april,P1,Go Get Maths,number card,A2
april,P1,English,mark,A2
april,P1,Go Get Maths,math symbol,A2
april,P1,English,rate,A2
april,P1,Go Get Maths,plus sign,A2
april,P1,English,pull,A2
april,P2,,comedy,A2
april,P2,,degree,A2
april,P2,,effect,A2
april,P2,,closed,A2
april,P2,,affect,A2
april,P2,,choice,A2
april,P2,,usual,A2
april,P2,,attack,A2
april,P2,,ending,A2
april,P2,,borrow,A2
april,P2,,attend,A2
april,P2,,worse,A2
april,P2,,depend,A2
april,P2,,virus,A2
april,P2,,worry,A2
april,P2,,corner,A2
april,P2,,asleep,A2
april,P2,,carpet,A2
april,P2,,behave,A2
april,P2,,expect,A2
april,P2,,couple,A2
april,P2,,cooker,A2
april,P2,,tower,A2
april,P2,,amount,A2
april,P2,,direct,A2
april,P2,,worst,A2
april,P2,,author,A2
april,P2,,church,A2
april,P2,,belong,A2
april,P2,,bright,A2
april,P2,,appear,A2
april,P2,,voice,A2
april,P2,,bottom,A2
april,P2,,clever,A2
april,P2,,employ,A2
april,P2,,double,A2
april,P2,,accept,A2
april,P2,,device,A2
april,P2,,broken,A2
april,P3,,step,A2
april,P3,,save,A2
april,P3,,term,A2
april,P3,,view,A2
april,P3,,pass,A2
april,P3,,oven,A2
april,P3,,loud,A2
april,P3,,luck,A2
april,P3,,seem,A2
april,P3,,pull,A2
april,P3,,mark,A2
april,P3,,rate,A2
april,P3,,rude,A2
april,P3,,shut,A2
april,P3,,pain,A2
april,P3,,pick,A2
april,P3,,wave,A2
april,P3,,mind,A2
april,P3,,unit,A2
april,P3,,suit,A2
april,P3,,male,A2
april,P3,,sale,A2
april,P3,,site,A2
april,P3,,pack,A2
april,P3,,side,A2
april,P3,,need,A2
april,P3,,tool,A2
april,P3,,twin,A2
april,P3,,tour,A2
april,P3,,mail,A2
april,P3,,size,A2
april,P3,,neck,A2
april,P3,,rise,A2
april,P3,,user,A2
april,P4,,cool,B1
april,P4,,pipe,B1
april,P4,,plot,B1
april,P4,,clue,B1
april,P4,,coal,B1
april,P4,,dirt,B1
april,P4,,glad,B1
april,P4,,kiss,B1
april,P4,,file,B1
april,P4,,loss,B1
april,P4,,mild,B1
april,P4,,hire,B1
april,P4,,dust,B1
april,P4,,path,B1
april,P4,,lack,B1
april,P4,,host,B1
april,P4,,folk,B1
april,P4,,coin,B1
april,P4,,hunt,B1
april,P4,,nail,B1
april,P4,,mood,B1
april,P4,,move,B1
april,P4,,pale,B1
april,P4,,calm,B1
april,P4,,edge,B1
april,P4,,fuel,B1
april,P4,,bell,B1
april,P4,,keen,B1
april,P4,,bite,B1
april,P4,,bury,B1
april,P5,,eastern,B1
april,P5,,symptom,B1
april,P5,,illegal,B1
april,P5,,setting,B1
april,P5,,summary,B1
april,P5,,diagram,B1
april,P5,,poverty,B1
april,P5,,require,B1
april,P5,,outdoor,B1
april,P5,,nuclear,B1
april,P5,,explode,B1
april,P5,,retired,B1
april,P5,,painful,B1
april,P5,,primary,B1
april,P5,,mixture,B1
april,P5,,examine,B1
april,P5,,journal,B1
april,P5,,stadium,B1
april,P5,,related,B1
april,P5,,heating,B1
april,P5,,explore,B1
april,P5,,request,B1
april,P5,,educate,B1
april,P5,,injured,B1
april,P5,,leading,B1
april,P5,,dressed,B1
april,P5,,release,B1
april,P5,,servant,B1
april,P5,,diamond,B1
april,P5,,economy,B1
april,P5,,receipt,B1
april,P5,,surface,B1
april,P5,,relaxed,B1
april,P5,,promote,B1
april,P5,,dislike,B1
april,P5,,leisure,B1
april,P5,,violent,B1
april,P5,,deliver,B1
april,P5,,private,B1
april,P5,,protest,B1
april,P5,,leather,B1
april,P5,,reflect,B1
april,P5,,episode,B1
april,P5,,qualify,B1
april,P5,,engaged,B1
april,P5,,located,B1
april,P5,,package,B1
april,P6,,reasonable,B2
april,P6,,tropical,B2
april,P6,,acknowledge,B2
april,P6,,existence,B2
april,P6,,appropriate,B2
april,P6,,session,B2
april,P6,,unexpected,B2
april,P6,,division,B2
april,P6,,positive,B2
april,P6,,facility,B2
april,P6,,forgive,B2
april,P6,,negative,B2
april,P6,,defence,B2
april,P6,,truly,B2
april,P6,,afterwards,B2
april,P6,,capacity,B2
april,P6,,ethical,B2
april,P6,,criticism,B2
april,P6,,presence,B2
april,P6,,deliberately,B2
april,P6,,advance,B2
april,P6,,minority,B2
april,P6,,executive,B2
april,P6,,majority,B2
april,P6,,enhance,B2
april,P6,,massive,B2
april,P6,,instance,B2
april,P6,,specialist,B2
april,P6,,ultimately,B2
april,P6,,creation,B2
april,P6,,pension,B2
april,P6,,licence,B2
april,P6,,apparently,B2
april,P6,,edition,B2
april,P6,,furthermore,B2
april,P6,,critical,B2
april,P6,,numerous,B2
april,P6,,logical,B2
april,P6,,constantly,B2
april,P6,,priority,B2
april,P6,,weakness,B2
april,P6,,anxious,B2
april,P6,,sequence,B2
april,P6,,sentence,B2
april,P6,,humorous,B2
april,P6,,witness,B2
april,P6,,silence,B2
april,P6,,relatively,B2
april,P6,,conscious,B2
april,P6,,offence,B2
may,K1,,afternoon,Pre-A1
may,K1,,friendly,Pre-A1
may,K1,,beautiful,Pre-A1
may,K1,,actress,Pre-A1
may,K1,,yesterday,Pre-A1
may,K1,,tomorrow,Pre-A1
may,K1,,today,Pre-A1
may,K1,,evening,Pre-A1
may,K1,,perfect,Pre-A1
may,K1,,weekend,Pre-A1
may,K1,,remember,Pre-A1
may,K1,,fantastic,Pre-A1
may,K1,,airport,Pre-A1
may,K1,,amazing,Pre-A1
may,K1,,repeat,Pre-A1
may,K1,,live,Pre-A1
may,K1,,morning,Pre-A1
may,K2,,become,Pre-A1
may,K2,,skill,Pre-A1
may,K2,,detail,Pre-A1
may,K2,,boring,Pre-A1
may,K2,,wrong,Pre-A1
may,K2,,forget,Pre-A1
may,K2,,decide,Pre-A1
may,K2,,dancer,Pre-A1
may,K2,,create,Pre-A1
may,K2,,better,Pre-A1
may,K2,,thank,Pre-A1
may,K2,,autumn,Pre-A1
may,K2,,style,Pre-A1
may,K2,,title,Pre-A1
may,K2,,video,Pre-A1
may,K2,,flight,Pre-A1
may,K2,,piece,Pre-A1
may,K2,,answer,Pre-A1
may,K2,,cinema,Pre-A1
may,K2,,topic,Pre-A1
may,K2,,ready,Pre-A1
may,K2,,blonde,Pre-A1
may,K2,,thing,Pre-A1
may,K2,,woman,Pre-A1
may,K2,,centre,Pre-A1
may,K2,,right,Pre-A1
may,K2,,coffee,Pre-A1
may,K2,,south,Pre-A1
may,K2,,common,Pre-A1
may,K2,,price,Pre-A1
may,K2,,driver,Pre-A1
may,K3,,fair,A2
may,K3,,burn,A2
may,K3,,act,A2
may,K3,,cry,A2
may,K3,,lab,A2
may,K3,,pop,A2
may,K3,,kid,A2
may,K3,,sir,A2
may,K3,,chip,A2
may,K3,,flu,A2
may,K3,,tip,A2
may,K3,,able,A2
may,K3,,bin,A2
may,K3,,blow,A2
may,K3,,ski,A2
may,K3,,app,A2
may,K3,,deep,A2
may,K3,,fit,A2
may,K3,,chat,A2
may,K3,,boil,A2
may,K3,,web,A2
may,K3,,bit,A2
may,K3,,nut,A2
may,K3,,copy,A2
may,K3,,beat,A2
may,K3,,guy,A2
may,K3,,oil,A2
may,K3,,belt,A2
may,K3,,fix,A2
may,K3,,fail,A2
may,K3,,top,A2
may,K3,,gap,A2
may,K3,,low,A2
may,K3,,case,A2
may,K3,,earn,A2
may,P1,Go Get Maths,minus sign,A2
may,P1,English,avoid,A2
may,P1,Go Get Maths,equal sign,A2
may,P1,Science,bulb,A2
may,P1,English,seem,A2
may,P1,Go Get Maths,measuring tape,A2
may,P1,Science,wire,A2
may,P1,Go Get Maths,timer,A2
may,P1,Go Get Maths,stopwatch,A2
may,P1,Science,circuit,A2
may,P1,English,save,A2
may,P1,Go Get Maths,clockwise,A2
may,P1,Science,electric,A2
may,P1,Go Get Maths,anticlockwise,A2
may,P1,Science,device,A2
may,P1,English,view,A2
may,P1,Go Get Maths,full turn,A2
may,P1,Science,energy source,A2
may,P1,English,award,A2
may,P1,Go Get Maths,half turn,A2
may,P1,Science,solar energy,A2
may,P1,English,allow,A2
may,P1,Go Get Maths,quarter turn,A2
may,P1,Science,wind energy,A2
may,P1,Science,magnet pole,A2
may,P1,English,tour,A2
may,P1,Go Get Maths,flip,A2
may,P1,Science,north pole,A2
may,P1,Science,south pole,A2
may,P1,Go Get Maths,mirror line,A2
may,P1,Science,repel,A2
may,P1,English,based,A2
may,P1,Go Get Maths,repeat unit,A2
may,P1,Science,friction,A2
may,P1,English,sale,A2
may,P1,Go Get Maths,growing pattern,A2
may,P1,Science,ramp,A2
may,P1,Go Get Maths,shrinking pattern,A2
may,P1,Go Get Maths,array,A2
may,P1,English,suit,A2
may,P1,Go Get Maths,equal groups,A2
may,P1,Science,axle,A2
may,P1,English,apply,A2
may,P1,Go Get Maths,remainder,A2
may,P1,Science,lever,A2
may,P1,English,site,A2
may,P1,Go Get Maths,fair share,A2
may,P1,Science,joint,A2
may,P1,English,weak,A2
may,P1,Go Get Maths,one half,A2
may,P1,Science,lungs,A2
may,P1,Go Get Maths,one quarter,A2
may,P1,Science,breathing,A2
may,P1,English,ankle,A2
may,P1,Go Get Maths,one third,A2
may,P1,Science,pulse,A2
may,P1,English,user,A2
may,P1,Go Get Maths,two halves,A2
may,P1,English,birth,A2
may,P1,Go Get Maths,four quarters,A2
may,P1,Science,bacteria,A2
may,P1,Go Get Maths,probability,A2
may,P1,Science,virus,A2
may,P1,Go Get Maths,chance,A2
may,P1,Science,hospital,A2
may,P1,Go Get Maths,certain,A2
may,P1,Science,hygiene,A2
may,P1,English,shut,A2
may,P1,Go Get Maths,impossible,A2
may,P1,Science,toothbrush,A2
may,P1,English,twin,A2
may,P1,Go Get Maths,likely,A2
may,P1,Science,toothpaste,A2
may,P1,English,wave,A2
may,P1,Go Get Maths,unlikely,A2
may,P1,Science,balanced diet,A2
may,P1,English,sign,A2
may,P1,Go Get Maths,twenty-one,A2
may,P1,English,cause,A2
may,P1,Go Get Maths,twenty-two,A2
may,P1,Go Get Maths,twenty-three,A2
may,P1,Science,producer,A2
may,P1,English,clear,A2
may,P1,Go Get Maths,twenty-four,A2
may,P1,Science,consumer,A2
may,P1,Go Get Maths,twenty-five,A2
may,P1,Science,food chain,A2
may,P1,Go Get Maths,twenty-six,A2
may,P1,Science,food web,A2
may,P1,English,blank,A2
may,P1,Go Get Maths,twenty-seven,A2
may,P1,Science,predator,A2
may,P1,English,step,A2
may,P1,Go Get Maths,twenty-eight,A2
may,P1,Science,prey,A2
may,P1,English,awful,A2
may,P1,Go Get Maths,twenty-nine,A2
may,P1,Science,migration,A2
may,P1,English,term,A2
may,P1,Go Get Maths,thirty-one,A2
may,P1,Science,hibernation,A2
may,P1,Go Get Maths,thirty-two,A2
may,P1,Science,adaptation,A2
may,P1,English,unit,A2
may,P1,Go Get Maths,thirty-three,A2
may,P1,Science,offspring,A2
may,P1,English,alone,A2
may,P1,Go Get Maths,thirty-four,A2
may,P1,English,rude,A2
may,P1,Go Get Maths,thirty-five,A2
may,P1,Science,adult,A2
may,P1,English,wish,A2
may,P1,Go Get Maths,thirty-six,A2
may,P1,English,wild,A2
may,P1,Go Get Maths,thirty-seven,A2
may,P1,Science,life stage,A2
may,P1,English,wide,A2
may,P1,Go Get Maths,thirty-eight,A2
may,P1,Science,renewable,A2
may,P1,English,tool,A2
may,P2,,reduce,A2
may,P2,,secret,A2
may,P2,,fridge,A2
may,P2,,formal,A2
may,P2,,pocket,A2
may,P2,,invite,A2
may,P2,,narrow,A2
may,P2,,mirror,A2
may,P2,,review,A2
may,P2,,recent,A2
may,P2,,flying,A2
may,P2,,female,A2
may,P2,,height,A2
may,P2,,normal,A2
may,P2,,repair,A2
may,P2,,runner,A2
may,P2,,lovely,A2
may,P2,,public,A2
may,P2,,likely,A2
may,P2,,notice,A2
may,P2,,forest,A2
may,P2,,factor,A2
may,P2,,laptop,A2
may,P2,,refuse,A2
may,P2,,mobile,A2
may,P2,,figure,A2
may,P2,,invent,A2
may,P2,,screen,A2
may,P2,,remove,A2
may,P2,,method,A2
may,P2,,middle,A2
may,P2,,matter,A2
may,P2,,manner,A2
may,P2,,region,A2
may,P3,,awful,B1
may,P3,,fry,B1
may,P3,,alone,B1
may,P3,,weak,B1
may,P3,,age,B1
may,P3,,odd,B1
may,P3,,blank,B1
may,P3,,cut,B1
may,P3,,avoid,B1
may,P3,,aged,B1
may,P3,,lip,B1
may,P3,,go,B1
may,P3,,wide,B1
may,P3,,pan,B1
may,P3,,IT,B1
may,P3,,allow,B1
may,P3,,wish,B1
may,P3,,ad,B1
may,P3,,far,B1
may,P3,,tax,B1
may,P3,,due,B1
may,P3,,base,B1
may,P3,,birth,B1
may,P3,,shy,B1
may,P3,,adult,B1
may,P3,,based,B1
may,P3,,wild,B1
may,P3,,pin,B1
may,P3,,aim,B1
may,P3,,mad,B1
may,P3,,apply,B1
may,P3,,ankle,B1
may,P3,,award,B1
may,P3,,ban,B1
may,P4,,aware,B1
may,P4,,admit,B1
may,P4,,album,B1
may,P4,,tube,B1
may,P4,,tyre,B1
may,P4,,rare,B1
may,P4,,basis,B1
may,P4,,tape,B1
may,P4,,ugly,B1
may,P4,,rent,B1
may,P4,,used,B1
may,P4,,chest,B1
may,P4,,tend,B1
may,P4,,wool,B1
may,P4,,cheat,B1
may,P4,,vote,B1
may,P4,,tiny,B1
may,P4,,annoy,B1
may,P4,,click,B1
may,P4,,clear,B1
may,P4,,warn,B1
may,P4,,sand,B1
may,P4,,claim,B1
may,P4,,risk,B1
may,P4,,chain,B1
may,P4,,quit,B1
may,P4,,basic,B1
may,P4,,agent,B1
may,P4,,pray,B1
may,P4,,type,B1
may,P4,,port,B1
may,P4,,alarm,B1
may,P4,,rope,B1
may,P4,,brand,B1
may,P4,,court,B1
may,P5,,downwards,B2
may,P5,,attitude,B2
may,P5,,analysis,B2
may,P5,,announce,B2
may,P5,,upwards,B2
may,P5,,warning,B2
may,P5,,confused,B2
may,P5,,annoying,B2
may,P5,,somewhat,B2
may,P5,,closely,B2
may,P5,,demonstrate,B2
may,P5,,otherwise,B2
may,P5,,participant,B2
may,P5,,convince,B2
may,P5,,complicated,B2
may,P5,,characteristic,B2
may,P5,,category,B2
may,P5,,surrounding,B2
may,P5,,initially,B2
may,P5,,coloured,B2
may,P5,,commonly,B2
may,P5,,elsewhere,B2
may,P5,,contrast,B2
may,P5,,fundamental,B2
may,P5,,vision,B2
may,P5,,academic,B2
may,P5,,enthusiastic,B2
may,P5,,cheerful,B2
may,P5,,written,B2
may,P5,,deeply,B2
may,P5,,advanced,B2
may,P5,,conclude,B2
may,P5,,basically,B2
may,P5,,significant,B2
may,P5,,largely,B2
may,P5,,gradually,B2
may,P5,,entirely,B2
may,P5,,notion,B2
may,P5,,western,B2
may,P5,,careless,B2
may,P5,,ceremony,B2
may,P5,,extraordinary,B2
may,P5,,widely,B2
may,P5,,contemporary,B2
may,P5,,partly,B2
may,P5,,rapidly,B2
may,P5,,consumer,B2
may,P6,,aggressive,B2
may,P6,,assessment,B2
may,P6,,circumstance,B2
may,P6,,consideration,B2
may,P6,,occasionally,B2
may,P6,,decoration,B2
may,P6,,measurement,B2
may,P6,,protection,B2
may,P6,,regulation,B2
may,P6,,revolution,B2
may,P6,,association,B2
may,P6,,institution,B2
may,P6,,increasingly,B2
may,P6,,sensitive,B2
may,P6,,examination,B2
may,P6,,significantly,B2
may,P6,,distribution,B2
may,P6,,psychology,B2
may,P6,,opposition,B2
may,P6,,illustration,B2
may,P6,,selection,B2
may,P6,,publication,B2
may,P6,,reputation,B2
may,P6,,observation,B2
may,P6,,requirement,B2
may,P6,,conservative,B2
may,P6,,exploration,B2
may,P6,,perspective,B2
may,P6,,obligation,B2
may,P6,,contribution,B2
may,P6,,investment,B2
may,P6,,administration,B2
may,P6,,transition,B2
may,P6,,combination,B2
may,P6,,commitment,B2
may,P6,,concentration,B2
may,P6,,commission,B2
may,P6,,initiative,B2
may,P6,,nevertheless,B2
may,P6,,reduction,B2
may,P6,,expectation,B2
may,P6,,insurance,B2
may,P6,,mysterious,B2
may,P6,,investigation,B2
may,P6,,judgement,B2
may,P6,,preparation,B2
may,P6,,representative,B2
may,P6,,popularity,B2
may,P6,,leadership,B2
may,P6,,objective,B2
